7-22.jpeg,49.39%,50.61%
7-10.jpeg,48.5%,51.5%
7-20.jpeg,49.7%,50.3%
6-16.jpeg,50.37%,49.63%
6-2.jpeg,48.63%,51.37%
6-1.jpeg,50.82%,49.18%
7-19.jpeg,49.65%,50.35%
7-1.jpeg,48.95%,51.05%
6-4.jpeg,50.09%,49.91%
7-21.jpeg,49.75%,50.25%
7-16.jpeg,49.14%,50.86%
6-11.jpeg,51.17%,48.83%
6-23.jpeg,49.19%,50.81%
6-22.jpeg,49.26%,50.74%
6-8.jpeg,49.84%,50.16%
7-9.jpeg,48.63%,51.37%
7-6.jpeg,48.88%,51.12%
7-13.jpeg,48.74%,51.26%
6-15.jpeg,50.51%,49.49%
6-21.jpeg,49.27%,50.73%
6-10.jpeg,50.91%,49.09%
7-14.jpeg,48.75%,51.25%
6-7.jpeg,49.95%,50.05%
7-23.jpeg,49.32%,50.68%
6-9.jpeg,50.87%,49.13%
6-6.jpeg,50.14%,49.86%
7-18.jpeg,49.86%,50.14%
6-3.jpeg,50.05%,49.95%
7-4.jpeg,48.69%,51.31%
7-11.jpeg,48.37%,51.63%
6-19.jpeg,50.74%,49.26%
6-18.jpeg,50.4%,49.6%
6-24.jpeg,49.15%,50.85%
7-17.jpeg,49.91%,50.09%
7-7.jpeg,48.87%,51.13%
7-15.jpeg,47.54%,52.46%
6-5.jpeg,50.19%,49.81%
6-14.jpeg,50.5%,49.5%
7-12.jpeg,49.77%,50.23%
6-12.jpeg,50.44%,49.56%
7-3.jpeg,48.73%,51.27%
7-2.jpeg,48.85%,51.15%
7-5.jpeg,48.82%,51.18%
6-13.jpeg,50.4%,49.6%
6-17.jpeg,50.52%,49.48%
6-20.jpeg,49.36%,50.64%
7-8.jpeg,48.83%,51.17%
